,Episode,Batch Size,fc1,fc2,Max Reward,Mean Reward,Mean Episode Train Time (s)
0,10,128,128,64,0.0,0.010000000149011612,0.17898337841033934
1,20,128,128,64,0.0,0.014500000234693288,0.46946675777435304
2,30,128,128,64,0.0,0.012666666880249977,0.39525132179260253
